{
  "workloadData": [
    {
      "id": 0,
      "startTime": "2300",
      "Sun": "3",
      "Mon": "3",
      "Tue": "3",
      "Wed": "3",
      "Thu": "3",
      "Fri": "3",
      "Sat": "3"
    },
    {
      "startTime": "0600",
      "shiftAmOrPm": "AM",
      "Sun": "4",
      "Mon": "4",
      "Tue": "6",
      "Wed": "3",
      "Thu": "5",
      "Fri": "5",
      "Sat": "3",
      "id": 1
    },
    {
      "id": 2,
      "startTime": "0700",
      "shiftAmOrPm": "AM",
      "Sun": "6",
      "Mon": "6",
      "Tue": "6",
      "Wed": "6",
      "Thu": "6",
      "Fri": "6",
      "Sat": "6"
    },
    {
      "startTime": "1300",
      "id": 3,
      "Sun": "4",
      "Mon": "4",
      "Tue": "4",
      "Wed": "4",
      "Thu": "4",
      "Fri": "4",
      "Sat": "4"
    },
    {
      "startTime": "1500",
      "id": 4,
      "Sun": "5",
      "Mon": "5",
      "Tue": "5",
      "Wed": "5",
      "Thu": "5",
      "Fri": "5",
      "Sat": "5"
    }
  ],
  "required": [
    {
      "SUN": {
        "DAY": 10,
        "MID": 3,
        "EVE": 9
      },
      "MON": {
        "DAY": 10,
        "MID": 3,
        "EVE": 9
      },
      "TUE": {
        "DAY": 12,
        "MID": 3,
        "EVE": 9
      },
      "WED": {
        "DAY": 9,
        "MID": 3,
        "EVE": 9
      },
      "THU": {
        "DAY": 11,
        "MID": 3,
        "EVE": 9
      },
      "FRI": {
        "DAY": 11,
        "MID": 3,
        "EVE": 9
      },
      "SAT": {
        "DAY": 9,
        "MID": 3,
        "EVE": 9
      },
      "id": 1
    }
  ],
  "scheduleData": [
    {
      "Mon": "3",
      "Tue": "1",
      "Wed": "7",
      "Thu": "6",
      "Fri": "M",
      "Sat": "X",
      "Sun": "X",
      "BMLRule": true,
      "id": 0
    },
    {
      "Mon": "1",
      "Tue": "1",
      "Wed": "7",
      "Thu": "6",
      "Fri": "M",
      "Sat": "X",
      "Sun": "X",
      "id": 1
    },
    {
      "Mon": "3",
      "Tue": "1",
      "Wed": "7",
      "Thu": "6",
      "Fri": "M",
      "Sat": "X",
      "Sun": "X",
      "BMLRule": true,
      "id": 2
    },
    {
      "Mon": "3",
      "Tue": "1",
      "Wed": "7",
      "Thu": "M",
      "Fri": "M",
      "Sat": "X",
      "Sun": "X",
      "BMLRule": false,
      "id": 3
    },
    {
      "id": 4,
      "Sun": "X",
      "Mon": "3",
      "Tue": "1",
      "Wed": "1",
      "Thu": "7",
      "Fri": "7",
      "Sat": "X"
    },
    {
      "id": 5,
      "Sun": "X",
      "Mon": "3",
      "Tue": "1",
      "Wed": "1",
      "Thu": "7",
      "Fri": "7",
      "Sat": "X"
    },
    {
      "id": 6,
      "Sun": "X",
      "Mon": "3",
      "Tue": "3",
      "Wed": "1",
      "Thu": "1",
      "Fri": "1",
      "Sat": "X"
    },
    {
      "Mon": "X",
      "Tue": "3",
      "Wed": "1",
      "Thu": "7",
      "Fri": "6",
      "Sat": "M",
      "Sun": "X",
      "BMLRule": true,
      "id": 7
    },
    {
      "Mon": "X",
      "Tue": "3",
      "Wed": "1",
      "Thu": "7",
      "Fri": "6",
      "Sat": "M",
      "Sun": "X",
      "id": 8
    },
    {
      "Mon": "X",
      "Tue": "3",
      "Wed": "1",
      "Thu": "7",
      "Fri": "6",
      "Sat": "M",
      "Sun": "X",
      "id": 9
    },
    {
      "id": 10,
      "Sun": "X",
      "Mon": "X",
      "Tue": "3",
      "Wed": "3",
      "Thu": "1",
      "Fri": "1",
      "Sat": "6"
    },
    {
      "id": 11,
      "Sun": "M",
      "Mon": "X",
      "Tue": "X",
      "Wed": "3",
      "Thu": "1",
      "Fri": "7",
      "Sat": "6"
    },
    {
      "id": 12,
      "Sun": "M",
      "Mon": "X",
      "Tue": "X",
      "Wed": "3",
      "Thu": "1",
      "Fri": "7",
      "Sat": "6"
    },
    {
      "id": 13,
      "Sun": "M",
      "Mon": "X",
      "Tue": "X",
      "Wed": "3",
      "Thu": "1",
      "Fri": "7",
      "Sat": "6"
    },
    {
      "id": 14,
      "Sun": "6",
      "Mon": "X",
      "Tue": "X",
      "Wed": "3",
      "Thu": "3",
      "Fri": "1",
      "Sat": "7"
    },
    {
      "id": 15,
      "Sun": "7",
      "Mon": "X",
      "Tue": "X",
      "Wed": "3",
      "Thu": "3",
      "Fri": "3",
      "Sat": "1"
    },
    {
      "id": 16,
      "Sun": "6",
      "Mon": "M",
      "Tue": "X",
      "Wed": "X",
      "Thu": "3",
      "Fri": "1",
      "Sat": "7"
    },
    {
      "id": 17,
      "Sun": "6",
      "Mon": "M",
      "Tue": "X",
      "Wed": "X",
      "Thu": "3",
      "Fri": "1",
      "Sat": "7"
    },
    {
      "id": 18,
      "Sun": "6",
      "Mon": "M",
      "Tue": "X",
      "Wed": "X",
      "Thu": "3",
      "Fri": "3",
      "Sat": "1"
    },
    {
      "id": 19,
      "Sun": "1",
      "Mon": "6",
      "Tue": "X",
      "Wed": "X",
      "Thu": "3",
      "Fri": "3",
      "Sat": "1"
    },
    {
      "id": 20,
      "Sun": "7",
      "Mon": "6",
      "Tue": "M",
      "Wed": "X",
      "Thu": "X",
      "Fri": "3",
      "Sat": "1"
    },
    {
      "id": 21,
      "Sun": "7",
      "Mon": "6",
      "Tue": "M",
      "Wed": "X",
      "Thu": "X",
      "Fri": "3",
      "Sat": "1"
    },
    {
      "id": 22,
      "Sun": "7",
      "Mon": "6",
      "Tue": "M",
      "Wed": "X",
      "Thu": "X",
      "Fri": "3",
      "Sat": "1"
    },
    {
      "id": 23,
      "Sun": "1",
      "Mon": "7",
      "Tue": "6",
      "Wed": "X",
      "Thu": "X",
      "Fri": "3",
      "Sat": "3"
    },
    {
      "id": 24,
      "Sun": "3",
      "Mon": "7",
      "Tue": "7",
      "Wed": "X",
      "Thu": "X",
      "Fri": "3",
      "Sat": "3"
    },
    {
      "id": 25,
      "Sun": "1",
      "Mon": "7",
      "Tue": "7",
      "Wed": "X",
      "Thu": "X",
      "Fri": "3",
      "Sat": "3"
    },
    {
      "Mon": "7",
      "Tue": "6",
      "Wed": "M",
      "Thu": "X",
      "Fri": "X",
      "Sat": "3",
      "Sun": "1",
      "id": 26
    },
    {
      "id": 27,
      "Sun": "1",
      "Mon": "7",
      "Tue": "6",
      "Wed": "M",
      "Thu": "X",
      "Fri": "X",
      "Sat": "3"
    },
    {
      "id": 28,
      "Sun": "3",
      "Mon": "1",
      "Tue": "7",
      "Wed": "6",
      "Thu": "X",
      "Fri": "X",
      "Sat": "3"
    },
    {
      "id": 29,
      "Sun": "3",
      "Mon": "1",
      "Tue": "7",
      "Wed": "6",
      "Thu": "M",
      "Fri": "X",
      "Sat": "X"
    },
    {
      "id": 30,
      "Sun": "3",
      "Mon": "1",
      "Tue": "7",
      "Wed": "6",
      "Thu": "M",
      "Fri": "X",
      "Sat": "X"
    },
    {
      "id": 31,
      "Sun": "3",
      "Mon": "1",
      "Tue": "7",
      "Wed": "6",
      "Thu": "M",
      "Fri": "X",
      "Sat": "X"
    },
    {
      "id": 32,
      "Sun": "3",
      "Mon": "1",
      "Tue": "1",
      "Wed": "7",
      "Thu": "6",
      "Fri": "X",
      "Sat": "X"
    },
    [
      {
        "Total Shift Lines": 31
      },
      {
        "id": 0,
        "Sun": "X",
        "Mon": 3,
        "Tue": 1,
        "Wed": 7,
        "Thu": 6,
        "Fri": 6,
        "Sat": "X",
        "Pattern": "EEDDD"
      },
      {
        "id": 1,
        "Sun": "X",
        "Mon": 3,
        "Tue": 3,
        "Wed": 1,
        "Thu": 7,
        "Fri": 6,
        "Sat": "X",
        "Pattern": "EEEDD"
      },
      {
        "id": 2,
        "Sun": "X",
        "Mon": 3,
        "Tue": 3,
        "Wed": 1,
        "Thu": 7,
        "Fri": 6,
        "Sat": "X",
        "Pattern": "EEEDD"
      },
      {
        "id": 3,
        "Sun": "X",
        "Mon": 3,
        "Tue": 3,
        "Wed": 1,
        "Thu": 7,
        "Fri": 6,
        "Sat": "X",
        "Pattern": "EEEDD"
      },
      {
        "id": 4,
        "Sun": "X",
        "Mon": 3,
        "Tue": 3,
        "Wed": 1,
        "Thu": 7,
        "Fri": 6,
        "Sat": "X",
        "Pattern": "EEEDD"
      },
      {
        "id": 5,
        "Sun": "X",
        "Mon": 3,
        "Tue": 1,
        "Wed": 3,
        "Thu": 1,
        "Fri": 3,
        "Sat": "X",
        "Pattern": "EEEEE"
      },
      {
        "id": 6,
        "Sun": "X",
        "Mon": "X",
        "Tue": 7,
        "Wed": 6,
        "Thu": "M",
        "Fri": "M",
        "Sat": "M",
        "Pattern": "DDMMM"
      },
      {
        "id": 7,
        "Sun": "X",
        "Mon": "X",
        "Tue": 7,
        "Wed": 6,
        "Thu": "M",
        "Fri": "M",
        "Sat": "M",
        "Pattern": "DDMMM"
      },
      {
        "id": 8,
        "Sun": "X",
        "Mon": "X",
        "Tue": 7,
        "Wed": 6,
        "Thu": "M",
        "Fri": "M",
        "Sat": "M",
        "Pattern": "DDMMM"
      },
      {
        "id": 9,
        "Sun": "X",
        "Mon": "X",
        "Tue": 7,
        "Wed": 6,
        "Thu": 6,
        "Fri": 6,
        "Sat": 6,
        "Pattern": "DDDDD"
      },
      {
        "id": 10,
        "Sun": 6,
        "Mon": "X",
        "Tue": "X",
        "Wed": 7,
        "Thu": 6,
        "Fri": 7,
        "Sat": 6,
        "Pattern": "DDDDD"
      },
      {
        "id": 11,
        "Sun": 6,
        "Mon": "X",
        "Tue": "X",
        "Wed": 7,
        "Thu": 6,
        "Fri": 7,
        "Sat": 7,
        "Pattern": "DDDDD"
      },
      {
        "id": 12,
        "Sun": 6,
        "Mon": "X",
        "Tue": "X",
        "Wed": 7,
        "Thu": 6,
        "Fri": 7,
        "Sat": 7,
        "Pattern": "DDDDD"
      },
      {
        "id": 13,
        "Sun": 3,
        "Mon": "X",
        "Tue": "X",
        "Wed": 3,
        "Thu": 1,
        "Fri": 3,
        "Sat": 3,
        "Pattern": "EEEEE"
      },
      {
        "id": 14,
        "Sun": 3,
        "Mon": "X",
        "Tue": "X",
        "Wed": 3,
        "Thu": 1,
        "Fri": 3,
        "Sat": 3,
        "Pattern": "EEEEE"
      },
      {
        "id": 15,
        "Sun": 6,
        "Mon": 6,
        "Tue": "X",
        "Wed": "X",
        "Thu": 3,
        "Fri": 1,
        "Sat": 3,
        "Pattern": "EEEDD"
      },
      {
        "id": 16,
        "Sun": 1,
        "Mon": 7,
        "Tue": "X",
        "Wed": "X",
        "Thu": 3,
        "Fri": 1,
        "Sat": 1,
        "Pattern": "EEEED"
      },
      {
        "id": 17,
        "Sun": 1,
        "Mon": 7,
        "Tue": "X",
        "Wed": "X",
        "Thu": 3,
        "Fri": 1,
        "Sat": 1,
        "Pattern": "EEEED"
      },
      {
        "id": 18,
        "Sun": 1,
        "Mon": 7,
        "Tue": "X",
        "Wed": "X",
        "Thu": 3,
        "Fri": 1,
        "Sat": 1,
        "Pattern": "EEEED"
      },
      {
        "id": 19,
        "Sun": 1,
        "Mon": 7,
        "Tue": "X",
        "Wed": "X",
        "Thu": 3,
        "Fri": 1,
        "Sat": 1,
        "Pattern": "EEEED"
      },
      {
        "id": 20,
        "Sun": "M",
        "Mon": "M",
        "Tue": "M",
        "Wed": "X",
        "Thu": "X",
        "Fri": 7,
        "Sat": 6,
        "Pattern": "DDMMM"
      },
      {
        "id": 21,
        "Sun": "M",
        "Mon": "M",
        "Tue": "M",
        "Wed": "X",
        "Thu": "X",
        "Fri": 7,
        "Sat": 6,
        "Pattern": "DDMMM"
      },
      {
        "id": 22,
        "Sun": "M",
        "Mon": "M",
        "Tue": "M",
        "Wed": "X",
        "Thu": "X",
        "Fri": 7,
        "Sat": 6,
        "Pattern": "DDMMM"
      },
      {
        "id": 23,
        "Sun": 3,
        "Mon": 1,
        "Tue": 1,
        "Wed": "X",
        "Thu": "X",
        "Fri": 3,
        "Sat": 1,
        "Pattern": "EEEEE"
      },
      {
        "id": 24,
        "Sun": 6,
        "Mon": 6,
        "Tue": 6,
        "Wed": "M",
        "Thu": "X",
        "Fri": "X",
        "Sat": 7,
        "Pattern": "DDDDM"
      },
      {
        "id": 25,
        "Sun": 7,
        "Mon": 6,
        "Tue": 6,
        "Wed": "M",
        "Thu": "X",
        "Fri": "X",
        "Sat": 7,
        "Pattern": "DDDDM"
      },
      {
        "id": 26,
        "Sun": 7,
        "Mon": 6,
        "Tue": 6,
        "Wed": "M",
        "Thu": "X",
        "Fri": "X",
        "Sat": 7,
        "Pattern": "DDDDM"
      },
      {
        "id": 27,
        "Sun": 3,
        "Mon": 1,
        "Tue": 1,
        "Wed": 3,
        "Thu": "X",
        "Fri": "X",
        "Sat": 3,
        "Pattern": "EEEEE"
      },
      {
        "id": 28,
        "Sun": 7,
        "Mon": 6,
        "Tue": 6,
        "Wed": 6,
        "Thu": 6,
        "Fri": "X",
        "Sat": "X",
        "Pattern": "DDDDD"
      },
      {
        "id": 29,
        "Sun": 7,
        "Mon": 7,
        "Tue": 6,
        "Wed": 7,
        "Thu": 7,
        "Fri": "X",
        "Sat": "X",
        "Pattern": "DDDDD"
      },
      {
        "id": 30,
        "Sun": 7,
        "Mon": 7,
        "Tue": 7,
        "Wed": 7,
        "Thu": 7,
        "Fri": "X",
        "Sat": "X",
        "Pattern": "DDDDD"
      }
    ],
    [
      {
        "Total Shift Lines": 31
      },
      {
        "id": 0,
        "Sun": "X",
        "Mon": 3,
        "Tue": 1,
        "Wed": 7,
        "Thu": 6,
        "Fri": 6,
        "Sat": "X",
        "Pattern": "EEDDD"
      },
      {
        "id": 1,
        "Sun": "X",
        "Mon": 3,
        "Tue": 3,
        "Wed": 1,
        "Thu": 7,
        "Fri": 6,
        "Sat": "X",
        "Pattern": "EEEDD"
      },
      {
        "id": 2,
        "Sun": "X",
        "Mon": 3,
        "Tue": 3,
        "Wed": 1,
        "Thu": 7,
        "Fri": 6,
        "Sat": "X",
        "Pattern": "EEEDD"
      },
      {
        "id": 3,
        "Sun": "X",
        "Mon": 3,
        "Tue": 3,
        "Wed": 1,
        "Thu": 7,
        "Fri": 6,
        "Sat": "X",
        "Pattern": "EEEDD"
      },
      {
        "id": 4,
        "Sun": "X",
        "Mon": 3,
        "Tue": 3,
        "Wed": 1,
        "Thu": 7,
        "Fri": 6,
        "Sat": "X",
        "Pattern": "EEEDD"
      },
      {
        "id": 5,
        "Sun": "X",
        "Mon": 3,
        "Tue": 1,
        "Wed": 3,
        "Thu": 1,
        "Fri": 3,
        "Sat": "X",
        "Pattern": "EEEEE"
      },
      {
        "id": 6,
        "Sun": "X",
        "Mon": "X",
        "Tue": 7,
        "Wed": 6,
        "Thu": "M",
        "Fri": "M",
        "Sat": "M",
        "Pattern": "DDMMM"
      },
      {
        "id": 7,
        "Sun": "X",
        "Mon": "X",
        "Tue": 7,
        "Wed": 6,
        "Thu": "M",
        "Fri": "M",
        "Sat": "M",
        "Pattern": "DDMMM"
      },
      {
        "id": 8,
        "Sun": "X",
        "Mon": "X",
        "Tue": 7,
        "Wed": 6,
        "Thu": "M",
        "Fri": "M",
        "Sat": "M",
        "Pattern": "DDMMM"
      },
      {
        "id": 9,
        "Sun": "X",
        "Mon": "X",
        "Tue": 7,
        "Wed": 6,
        "Thu": 6,
        "Fri": 6,
        "Sat": 6,
        "Pattern": "DDDDD"
      },
      {
        "id": 10,
        "Sun": 6,
        "Mon": "X",
        "Tue": "X",
        "Wed": 7,
        "Thu": 6,
        "Fri": 7,
        "Sat": 6,
        "Pattern": "DDDDD"
      },
      {
        "id": 11,
        "Sun": 6,
        "Mon": "X",
        "Tue": "X",
        "Wed": 7,
        "Thu": 6,
        "Fri": 7,
        "Sat": 7,
        "Pattern": "DDDDD"
      },
      {
        "id": 12,
        "Sun": 6,
        "Mon": "X",
        "Tue": "X",
        "Wed": 7,
        "Thu": 6,
        "Fri": 7,
        "Sat": 7,
        "Pattern": "DDDDD"
      },
      {
        "id": 13,
        "Sun": 3,
        "Mon": "X",
        "Tue": "X",
        "Wed": 3,
        "Thu": 1,
        "Fri": 3,
        "Sat": 3,
        "Pattern": "EEEEE"
      },
      {
        "id": 14,
        "Sun": 3,
        "Mon": "X",
        "Tue": "X",
        "Wed": 3,
        "Thu": 1,
        "Fri": 3,
        "Sat": 3,
        "Pattern": "EEEEE"
      },
      {
        "id": 15,
        "Sun": 6,
        "Mon": 6,
        "Tue": "X",
        "Wed": "X",
        "Thu": 3,
        "Fri": 1,
        "Sat": 3,
        "Pattern": "EEEDD"
      },
      {
        "id": 16,
        "Sun": 1,
        "Mon": 7,
        "Tue": "X",
        "Wed": "X",
        "Thu": 3,
        "Fri": 1,
        "Sat": 1,
        "Pattern": "EEEED"
      },
      {
        "id": 17,
        "Sun": 1,
        "Mon": 7,
        "Tue": "X",
        "Wed": "X",
        "Thu": 3,
        "Fri": 1,
        "Sat": 1,
        "Pattern": "EEEED"
      },
      {
        "id": 18,
        "Sun": 1,
        "Mon": 7,
        "Tue": "X",
        "Wed": "X",
        "Thu": 3,
        "Fri": 1,
        "Sat": 1,
        "Pattern": "EEEED"
      },
      {
        "id": 19,
        "Sun": 1,
        "Mon": 7,
        "Tue": "X",
        "Wed": "X",
        "Thu": 3,
        "Fri": 1,
        "Sat": 1,
        "Pattern": "EEEED"
      },
      {
        "id": 20,
        "Sun": "M",
        "Mon": "M",
        "Tue": "M",
        "Wed": "X",
        "Thu": "X",
        "Fri": 7,
        "Sat": 6,
        "Pattern": "DDMMM"
      },
      {
        "id": 21,
        "Sun": "M",
        "Mon": "M",
        "Tue": "M",
        "Wed": "X",
        "Thu": "X",
        "Fri": 7,
        "Sat": 6,
        "Pattern": "DDMMM"
      },
      {
        "id": 22,
        "Sun": "M",
        "Mon": "M",
        "Tue": "M",
        "Wed": "X",
        "Thu": "X",
        "Fri": 7,
        "Sat": 6,
        "Pattern": "DDMMM"
      },
      {
        "id": 23,
        "Sun": 3,
        "Mon": 1,
        "Tue": 1,
        "Wed": "X",
        "Thu": "X",
        "Fri": 3,
        "Sat": 1,
        "Pattern": "EEEEE"
      },
      {
        "id": 24,
        "Sun": 6,
        "Mon": 6,
        "Tue": 6,
        "Wed": "M",
        "Thu": "X",
        "Fri": "X",
        "Sat": 7,
        "Pattern": "DDDDM"
      },
      {
        "id": 25,
        "Sun": 7,
        "Mon": 6,
        "Tue": 6,
        "Wed": "M",
        "Thu": "X",
        "Fri": "X",
        "Sat": 7,
        "Pattern": "DDDDM"
      },
      {
        "id": 26,
        "Sun": 7,
        "Mon": 6,
        "Tue": 6,
        "Wed": "M",
        "Thu": "X",
        "Fri": "X",
        "Sat": 7,
        "Pattern": "DDDDM"
      },
      {
        "id": 27,
        "Sun": 3,
        "Mon": 1,
        "Tue": 1,
        "Wed": 3,
        "Thu": "X",
        "Fri": "X",
        "Sat": 3,
        "Pattern": "EEEEE"
      },
      {
        "id": 28,
        "Sun": 7,
        "Mon": 6,
        "Tue": 6,
        "Wed": 6,
        "Thu": 6,
        "Fri": "X",
        "Sat": "X",
        "Pattern": "DDDDD"
      },
      {
        "id": 29,
        "Sun": 7,
        "Mon": 7,
        "Tue": 6,
        "Wed": 7,
        "Thu": 7,
        "Fri": "X",
        "Sat": "X",
        "Pattern": "DDDDD"
      },
      {
        "id": 30,
        "Sun": 7,
        "Mon": 7,
        "Tue": 7,
        "Wed": 7,
        "Thu": 7,
        "Fri": "X",
        "Sat": "X",
        "Pattern": "DDDDD"
      }
    ],
    [
      {
        "Total Shift Lines": 31
      },
      {
        "id": 0,
        "Sun": "X",
        "Mon": 3,
        "Tue": 1,
        "Wed": 7,
        "Thu": 6,
        "Fri": 6,
        "Sat": "X",
        "Pattern": "EEDDD"
      },
      {
        "id": 1,
        "Sun": "X",
        "Mon": 3,
        "Tue": 3,
        "Wed": 1,
        "Thu": 7,
        "Fri": 6,
        "Sat": "X",
        "Pattern": "EEEDD"
      },
      {
        "id": 2,
        "Sun": "X",
        "Mon": 3,
        "Tue": 3,
        "Wed": 1,
        "Thu": 7,
        "Fri": 6,
        "Sat": "X",
        "Pattern": "EEEDD"
      },
      {
        "id": 3,
        "Sun": "X",
        "Mon": 3,
        "Tue": 3,
        "Wed": 1,
        "Thu": 7,
        "Fri": 6,
        "Sat": "X",
        "Pattern": "EEEDD"
      },
      {
        "id": 4,
        "Sun": "X",
        "Mon": 3,
        "Tue": 3,
        "Wed": 1,
        "Thu": 7,
        "Fri": 6,
        "Sat": "X",
        "Pattern": "EEEDD"
      },
      {
        "id": 5,
        "Sun": "X",
        "Mon": 3,
        "Tue": 1,
        "Wed": 3,
        "Thu": 1,
        "Fri": 3,
        "Sat": "X",
        "Pattern": "EEEEE"
      },
      {
        "id": 6,
        "Sun": "X",
        "Mon": "X",
        "Tue": 7,
        "Wed": 6,
        "Thu": "M",
        "Fri": "M",
        "Sat": "M",
        "Pattern": "DDMMM"
      },
      {
        "id": 7,
        "Sun": "X",
        "Mon": "X",
        "Tue": 7,
        "Wed": 6,
        "Thu": "M",
        "Fri": "M",
        "Sat": "M",
        "Pattern": "DDMMM"
      },
      {
        "id": 8,
        "Sun": "X",
        "Mon": "X",
        "Tue": 7,
        "Wed": 6,
        "Thu": "M",
        "Fri": "M",
        "Sat": "M",
        "Pattern": "DDMMM"
      },
      {
        "id": 9,
        "Sun": "X",
        "Mon": "X",
        "Tue": 7,
        "Wed": 6,
        "Thu": 6,
        "Fri": 6,
        "Sat": 6,
        "Pattern": "DDDDD"
      },
      {
        "id": 10,
        "Sun": 6,
        "Mon": "X",
        "Tue": "X",
        "Wed": 7,
        "Thu": 6,
        "Fri": 7,
        "Sat": 6,
        "Pattern": "DDDDD"
      },
      {
        "id": 11,
        "Sun": 6,
        "Mon": "X",
        "Tue": "X",
        "Wed": 7,
        "Thu": 6,
        "Fri": 7,
        "Sat": 7,
        "Pattern": "DDDDD"
      },
      {
        "id": 12,
        "Sun": 6,
        "Mon": "X",
        "Tue": "X",
        "Wed": 7,
        "Thu": 6,
        "Fri": 7,
        "Sat": 7,
        "Pattern": "DDDDD"
      },
      {
        "id": 13,
        "Sun": 3,
        "Mon": "X",
        "Tue": "X",
        "Wed": 3,
        "Thu": 1,
        "Fri": 3,
        "Sat": 3,
        "Pattern": "EEEEE"
      },
      {
        "id": 14,
        "Sun": 3,
        "Mon": "X",
        "Tue": "X",
        "Wed": 3,
        "Thu": 1,
        "Fri": 3,
        "Sat": 3,
        "Pattern": "EEEEE"
      },
      {
        "id": 15,
        "Sun": 6,
        "Mon": 6,
        "Tue": "X",
        "Wed": "X",
        "Thu": 3,
        "Fri": 1,
        "Sat": 3,
        "Pattern": "EEEDD"
      },
      {
        "id": 16,
        "Sun": 1,
        "Mon": 7,
        "Tue": "X",
        "Wed": "X",
        "Thu": 3,
        "Fri": 1,
        "Sat": 1,
        "Pattern": "EEEED"
      },
      {
        "id": 17,
        "Sun": 1,
        "Mon": 7,
        "Tue": "X",
        "Wed": "X",
        "Thu": 3,
        "Fri": 1,
        "Sat": 1,
        "Pattern": "EEEED"
      },
      {
        "id": 18,
        "Sun": 1,
        "Mon": 7,
        "Tue": "X",
        "Wed": "X",
        "Thu": 3,
        "Fri": 1,
        "Sat": 1,
        "Pattern": "EEEED"
      },
      {
        "id": 19,
        "Sun": 1,
        "Mon": 7,
        "Tue": "X",
        "Wed": "X",
        "Thu": 3,
        "Fri": 1,
        "Sat": 1,
        "Pattern": "EEEED"
      },
      {
        "id": 20,
        "Sun": "M",
        "Mon": "M",
        "Tue": "M",
        "Wed": "X",
        "Thu": "X",
        "Fri": 7,
        "Sat": 6,
        "Pattern": "DDMMM"
      },
      {
        "id": 21,
        "Sun": "M",
        "Mon": "M",
        "Tue": "M",
        "Wed": "X",
        "Thu": "X",
        "Fri": 7,
        "Sat": 6,
        "Pattern": "DDMMM"
      },
      {
        "id": 22,
        "Sun": "M",
        "Mon": "M",
        "Tue": "M",
        "Wed": "X",
        "Thu": "X",
        "Fri": 7,
        "Sat": 6,
        "Pattern": "DDMMM"
      },
      {
        "id": 23,
        "Sun": 3,
        "Mon": 1,
        "Tue": 1,
        "Wed": "X",
        "Thu": "X",
        "Fri": 3,
        "Sat": 1,
        "Pattern": "EEEEE"
      },
      {
        "id": 24,
        "Sun": 6,
        "Mon": 6,
        "Tue": 6,
        "Wed": "M",
        "Thu": "X",
        "Fri": "X",
        "Sat": 7,
        "Pattern": "DDDDM"
      },
      {
        "id": 25,
        "Sun": 7,
        "Mon": 6,
        "Tue": 6,
        "Wed": "M",
        "Thu": "X",
        "Fri": "X",
        "Sat": 7,
        "Pattern": "DDDDM"
      },
      {
        "id": 26,
        "Sun": 7,
        "Mon": 6,
        "Tue": 6,
        "Wed": "M",
        "Thu": "X",
        "Fri": "X",
        "Sat": 7,
        "Pattern": "DDDDM"
      },
      {
        "id": 27,
        "Sun": 3,
        "Mon": 1,
        "Tue": 1,
        "Wed": 3,
        "Thu": "X",
        "Fri": "X",
        "Sat": 3,
        "Pattern": "EEEEE"
      },
      {
        "id": 28,
        "Sun": 7,
        "Mon": 6,
        "Tue": 6,
        "Wed": 6,
        "Thu": 6,
        "Fri": "X",
        "Sat": "X",
        "Pattern": "DDDDD"
      },
      {
        "id": 29,
        "Sun": 7,
        "Mon": 7,
        "Tue": 6,
        "Wed": 7,
        "Thu": 7,
        "Fri": "X",
        "Sat": "X",
        "Pattern": "DDDDD"
      },
      {
        "id": 30,
        "Sun": 7,
        "Mon": 7,
        "Tue": 7,
        "Wed": 7,
        "Thu": 7,
        "Fri": "X",
        "Sat": "X",
        "Pattern": "DDDDD"
      }
    ],
    [
      {
        "Total Shift Lines": 31
      },
      {
        "id": 0,
        "Sun": "X",
        "Mon": 3,
        "Tue": 1,
        "Wed": 7,
        "Thu": 6,
        "Fri": 6,
        "Sat": "X",
        "Pattern": "EEDDD"
      },
      {
        "id": 1,
        "Sun": "X",
        "Mon": 3,
        "Tue": 3,
        "Wed": 1,
        "Thu": 7,
        "Fri": 6,
        "Sat": "X",
        "Pattern": "EEEDD"
      },
      {
        "id": 2,
        "Sun": "X",
        "Mon": 3,
        "Tue": 3,
        "Wed": 1,
        "Thu": 7,
        "Fri": 6,
        "Sat": "X",
        "Pattern": "EEEDD"
      },
      {
        "id": 3,
        "Sun": "X",
        "Mon": 3,
        "Tue": 3,
        "Wed": 1,
        "Thu": 7,
        "Fri": 6,
        "Sat": "X",
        "Pattern": "EEEDD"
      },
      {
        "id": 4,
        "Sun": "X",
        "Mon": 3,
        "Tue": 3,
        "Wed": 1,
        "Thu": 7,
        "Fri": 6,
        "Sat": "X",
        "Pattern": "EEEDD"
      },
      {
        "id": 5,
        "Sun": "X",
        "Mon": 3,
        "Tue": 1,
        "Wed": 3,
        "Thu": 1,
        "Fri": 3,
        "Sat": "X",
        "Pattern": "EEEEE"
      },
      {
        "id": 6,
        "Sun": "X",
        "Mon": "X",
        "Tue": 7,
        "Wed": 6,
        "Thu": "M",
        "Fri": "M",
        "Sat": "M",
        "Pattern": "DDMMM"
      },
      {
        "id": 7,
        "Sun": "X",
        "Mon": "X",
        "Tue": 7,
        "Wed": 6,
        "Thu": "M",
        "Fri": "M",
        "Sat": "M",
        "Pattern": "DDMMM"
      },
      {
        "id": 8,
        "Sun": "X",
        "Mon": "X",
        "Tue": 7,
        "Wed": 6,
        "Thu": "M",
        "Fri": "M",
        "Sat": "M",
        "Pattern": "DDMMM"
      },
      {
        "id": 9,
        "Sun": "X",
        "Mon": "X",
        "Tue": 7,
        "Wed": 6,
        "Thu": 6,
        "Fri": 6,
        "Sat": 6,
        "Pattern": "DDDDD"
      },
      {
        "id": 10,
        "Sun": 6,
        "Mon": "X",
        "Tue": "X",
        "Wed": 7,
        "Thu": 6,
        "Fri": 7,
        "Sat": 6,
        "Pattern": "DDDDD"
      },
      {
        "id": 11,
        "Sun": 6,
        "Mon": "X",
        "Tue": "X",
        "Wed": 7,
        "Thu": 6,
        "Fri": 7,
        "Sat": 7,
        "Pattern": "DDDDD"
      },
      {
        "id": 12,
        "Sun": 6,
        "Mon": "X",
        "Tue": "X",
        "Wed": 7,
        "Thu": 6,
        "Fri": 7,
        "Sat": 7,
        "Pattern": "DDDDD"
      },
      {
        "id": 13,
        "Sun": 3,
        "Mon": "X",
        "Tue": "X",
        "Wed": 3,
        "Thu": 1,
        "Fri": 3,
        "Sat": 3,
        "Pattern": "EEEEE"
      },
      {
        "id": 14,
        "Sun": 3,
        "Mon": "X",
        "Tue": "X",
        "Wed": 3,
        "Thu": 1,
        "Fri": 3,
        "Sat": 3,
        "Pattern": "EEEEE"
      },
      {
        "id": 15,
        "Sun": 6,
        "Mon": 6,
        "Tue": "X",
        "Wed": "X",
        "Thu": 3,
        "Fri": 1,
        "Sat": 3,
        "Pattern": "EEEDD"
      },
      {
        "id": 16,
        "Sun": 1,
        "Mon": 7,
        "Tue": "X",
        "Wed": "X",
        "Thu": 3,
        "Fri": 1,
        "Sat": 1,
        "Pattern": "EEEED"
      },
      {
        "id": 17,
        "Sun": 1,
        "Mon": 7,
        "Tue": "X",
        "Wed": "X",
        "Thu": 3,
        "Fri": 1,
        "Sat": 1,
        "Pattern": "EEEED"
      },
      {
        "id": 18,
        "Sun": 1,
        "Mon": 7,
        "Tue": "X",
        "Wed": "X",
        "Thu": 3,
        "Fri": 1,
        "Sat": 1,
        "Pattern": "EEEED"
      },
      {
        "id": 19,
        "Sun": 1,
        "Mon": 7,
        "Tue": "X",
        "Wed": "X",
        "Thu": 3,
        "Fri": 1,
        "Sat": 1,
        "Pattern": "EEEED"
      },
      {
        "id": 20,
        "Sun": "M",
        "Mon": "M",
        "Tue": "M",
        "Wed": "X",
        "Thu": "X",
        "Fri": 7,
        "Sat": 6,
        "Pattern": "DDMMM"
      },
      {
        "id": 21,
        "Sun": "M",
        "Mon": "M",
        "Tue": "M",
        "Wed": "X",
        "Thu": "X",
        "Fri": 7,
        "Sat": 6,
        "Pattern": "DDMMM"
      },
      {
        "id": 22,
        "Sun": "M",
        "Mon": "M",
        "Tue": "M",
        "Wed": "X",
        "Thu": "X",
        "Fri": 7,
        "Sat": 6,
        "Pattern": "DDMMM"
      },
      {
        "id": 23,
        "Sun": 3,
        "Mon": 1,
        "Tue": 1,
        "Wed": "X",
        "Thu": "X",
        "Fri": 3,
        "Sat": 1,
        "Pattern": "EEEEE"
      },
      {
        "id": 24,
        "Sun": 6,
        "Mon": 6,
        "Tue": 6,
        "Wed": "M",
        "Thu": "X",
        "Fri": "X",
        "Sat": 7,
        "Pattern": "DDDDM"
      },
      {
        "id": 25,
        "Sun": 7,
        "Mon": 6,
        "Tue": 6,
        "Wed": "M",
        "Thu": "X",
        "Fri": "X",
        "Sat": 7,
        "Pattern": "DDDDM"
      },
      {
        "id": 26,
        "Sun": 7,
        "Mon": 6,
        "Tue": 6,
        "Wed": "M",
        "Thu": "X",
        "Fri": "X",
        "Sat": 7,
        "Pattern": "DDDDM"
      },
      {
        "id": 27,
        "Sun": 3,
        "Mon": 1,
        "Tue": 1,
        "Wed": 3,
        "Thu": "X",
        "Fri": "X",
        "Sat": 3,
        "Pattern": "EEEEE"
      },
      {
        "id": 28,
        "Sun": 7,
        "Mon": 6,
        "Tue": 6,
        "Wed": 6,
        "Thu": 6,
        "Fri": "X",
        "Sat": "X",
        "Pattern": "DDDDD"
      },
      {
        "id": 29,
        "Sun": 7,
        "Mon": 7,
        "Tue": 6,
        "Wed": 7,
        "Thu": 7,
        "Fri": "X",
        "Sat": "X",
        "Pattern": "DDDDD"
      },
      {
        "id": 30,
        "Sun": 7,
        "Mon": 7,
        "Tue": 7,
        "Wed": 7,
        "Thu": 7,
        "Fri": "X",
        "Sat": "X",
        "Pattern": "DDDDD"
      }
    ],
    [
      {
        "Total Shift Lines": 31
      },
      {
        "id": 0,
        "Sun": "X",
        "Mon": 3,
        "Tue": 1,
        "Wed": 7,
        "Thu": 6,
        "Fri": 6,
        "Sat": "X",
        "Pattern": "EEDDD"
      },
      {
        "id": 1,
        "Sun": "X",
        "Mon": 3,
        "Tue": 3,
        "Wed": 1,
        "Thu": 7,
        "Fri": 6,
        "Sat": "X",
        "Pattern": "EEEDD"
      },
      {
        "id": 2,
        "Sun": "X",
        "Mon": 3,
        "Tue": 3,
        "Wed": 1,
        "Thu": 7,
        "Fri": 6,
        "Sat": "X",
        "Pattern": "EEEDD"
      },
      {
        "id": 3,
        "Sun": "X",
        "Mon": 3,
        "Tue": 3,
        "Wed": 1,
        "Thu": 7,
        "Fri": 6,
        "Sat": "X",
        "Pattern": "EEEDD"
      },
      {
        "id": 4,
        "Sun": "X",
        "Mon": 3,
        "Tue": 3,
        "Wed": 1,
        "Thu": 7,
        "Fri": 6,
        "Sat": "X",
        "Pattern": "EEEDD"
      },
      {
        "id": 5,
        "Sun": "X",
        "Mon": 3,
        "Tue": 1,
        "Wed": 3,
        "Thu": 1,
        "Fri": 3,
        "Sat": "X",
        "Pattern": "EEEEE"
      },
      {
        "id": 6,
        "Sun": "X",
        "Mon": "X",
        "Tue": 7,
        "Wed": 6,
        "Thu": "M",
        "Fri": "M",
        "Sat": "M",
        "Pattern": "DDMMM"
      },
      {
        "id": 7,
        "Sun": "X",
        "Mon": "X",
        "Tue": 7,
        "Wed": 6,
        "Thu": "M",
        "Fri": "M",
        "Sat": "M",
        "Pattern": "DDMMM"
      },
      {
        "id": 8,
        "Sun": "X",
        "Mon": "X",
        "Tue": 7,
        "Wed": 6,
        "Thu": "M",
        "Fri": "M",
        "Sat": "M",
        "Pattern": "DDMMM"
      },
      {
        "id": 9,
        "Sun": "X",
        "Mon": "X",
        "Tue": 7,
        "Wed": 6,
        "Thu": 6,
        "Fri": 6,
        "Sat": 6,
        "Pattern": "DDDDD"
      },
      {
        "id": 10,
        "Sun": 6,
        "Mon": "X",
        "Tue": "X",
        "Wed": 7,
        "Thu": 6,
        "Fri": 7,
        "Sat": 6,
        "Pattern": "DDDDD"
      },
      {
        "id": 11,
        "Sun": 6,
        "Mon": "X",
        "Tue": "X",
        "Wed": 7,
        "Thu": 6,
        "Fri": 7,
        "Sat": 7,
        "Pattern": "DDDDD"
      },
      {
        "id": 12,
        "Sun": 6,
        "Mon": "X",
        "Tue": "X",
        "Wed": 7,
        "Thu": 6,
        "Fri": 7,
        "Sat": 7,
        "Pattern": "DDDDD"
      },
      {
        "id": 13,
        "Sun": 3,
        "Mon": "X",
        "Tue": "X",
        "Wed": 3,
        "Thu": 1,
        "Fri": 3,
        "Sat": 3,
        "Pattern": "EEEEE"
      },
      {
        "id": 14,
        "Sun": 3,
        "Mon": "X",
        "Tue": "X",
        "Wed": 3,
        "Thu": 1,
        "Fri": 3,
        "Sat": 3,
        "Pattern": "EEEEE"
      },
      {
        "id": 15,
        "Sun": 6,
        "Mon": 6,
        "Tue": "X",
        "Wed": "X",
        "Thu": 3,
        "Fri": 1,
        "Sat": 3,
        "Pattern": "EEEDD"
      },
      {
        "id": 16,
        "Sun": 1,
        "Mon": 7,
        "Tue": "X",
        "Wed": "X",
        "Thu": 3,
        "Fri": 1,
        "Sat": 1,
        "Pattern": "EEEED"
      },
      {
        "id": 17,
        "Sun": 1,
        "Mon": 7,
        "Tue": "X",
        "Wed": "X",
        "Thu": 3,
        "Fri": 1,
        "Sat": 1,
        "Pattern": "EEEED"
      },
      {
        "id": 18,
        "Sun": 1,
        "Mon": 7,
        "Tue": "X",
        "Wed": "X",
        "Thu": 3,
        "Fri": 1,
        "Sat": 1,
        "Pattern": "EEEED"
      },
      {
        "id": 19,
        "Sun": 1,
        "Mon": 7,
        "Tue": "X",
        "Wed": "X",
        "Thu": 3,
        "Fri": 1,
        "Sat": 1,
        "Pattern": "EEEED"
      },
      {
        "id": 20,
        "Sun": "M",
        "Mon": "M",
        "Tue": "M",
        "Wed": "X",
        "Thu": "X",
        "Fri": 7,
        "Sat": 6,
        "Pattern": "DDMMM"
      },
      {
        "id": 21,
        "Sun": "M",
        "Mon": "M",
        "Tue": "M",
        "Wed": "X",
        "Thu": "X",
        "Fri": 7,
        "Sat": 6,
        "Pattern": "DDMMM"
      },
      {
        "id": 22,
        "Sun": "M",
        "Mon": "M",
        "Tue": "M",
        "Wed": "X",
        "Thu": "X",
        "Fri": 7,
        "Sat": 6,
        "Pattern": "DDMMM"
      },
      {
        "id": 23,
        "Sun": 3,
        "Mon": 1,
        "Tue": 1,
        "Wed": "X",
        "Thu": "X",
        "Fri": 3,
        "Sat": 1,
        "Pattern": "EEEEE"
      },
      {
        "id": 24,
        "Sun": 6,
        "Mon": 6,
        "Tue": 6,
        "Wed": "M",
        "Thu": "X",
        "Fri": "X",
        "Sat": 7,
        "Pattern": "DDDDM"
      },
      {
        "id": 25,
        "Sun": 7,
        "Mon": 6,
        "Tue": 6,
        "Wed": "M",
        "Thu": "X",
        "Fri": "X",
        "Sat": 7,
        "Pattern": "DDDDM"
      },
      {
        "id": 26,
        "Sun": 7,
        "Mon": 6,
        "Tue": 6,
        "Wed": "M",
        "Thu": "X",
        "Fri": "X",
        "Sat": 7,
        "Pattern": "DDDDM"
      },
      {
        "id": 27,
        "Sun": 3,
        "Mon": 1,
        "Tue": 1,
        "Wed": 3,
        "Thu": "X",
        "Fri": "X",
        "Sat": 3,
        "Pattern": "EEEEE"
      },
      {
        "id": 28,
        "Sun": 7,
        "Mon": 6,
        "Tue": 6,
        "Wed": 6,
        "Thu": 6,
        "Fri": "X",
        "Sat": "X",
        "Pattern": "DDDDD"
      },
      {
        "id": 29,
        "Sun": 7,
        "Mon": 7,
        "Tue": 6,
        "Wed": 7,
        "Thu": 7,
        "Fri": "X",
        "Sat": "X",
        "Pattern": "DDDDD"
      },
      {
        "id": 30,
        "Sun": 7,
        "Mon": 7,
        "Tue": 7,
        "Wed": 7,
        "Thu": 7,
        "Fri": "X",
        "Sat": "X",
        "Pattern": "DDDDD"
      }
    ],
    [
      {
        "Total Shift Lines": 31
      },
      {
        "id": 0,
        "Sun": "X",
        "Mon": 3,
        "Tue": 1,
        "Wed": 7,
        "Thu": 6,
        "Fri": 6,
        "Sat": "X",
        "Pattern": "EEDDD"
      },
      {
        "id": 1,
        "Sun": "X",
        "Mon": 3,
        "Tue": 3,
        "Wed": 1,
        "Thu": 7,
        "Fri": 6,
        "Sat": "X",
        "Pattern": "EEEDD"
      },
      {
        "id": 2,
        "Sun": "X",
        "Mon": 3,
        "Tue": 3,
        "Wed": 1,
        "Thu": 7,
        "Fri": 6,
        "Sat": "X",
        "Pattern": "EEEDD"
      },
      {
        "id": 3,
        "Sun": "X",
        "Mon": 3,
        "Tue": 3,
        "Wed": 1,
        "Thu": 7,
        "Fri": 6,
        "Sat": "X",
        "Pattern": "EEEDD"
      },
      {
        "id": 4,
        "Sun": "X",
        "Mon": 3,
        "Tue": 3,
        "Wed": 1,
        "Thu": 7,
        "Fri": 6,
        "Sat": "X",
        "Pattern": "EEEDD"
      },
      {
        "id": 5,
        "Sun": "X",
        "Mon": 3,
        "Tue": 1,
        "Wed": 3,
        "Thu": 1,
        "Fri": 3,
        "Sat": "X",
        "Pattern": "EEEEE"
      },
      {
        "id": 6,
        "Sun": "X",
        "Mon": "X",
        "Tue": 7,
        "Wed": 6,
        "Thu": "M",
        "Fri": "M",
        "Sat": "M",
        "Pattern": "DDMMM"
      },
      {
        "id": 7,
        "Sun": "X",
        "Mon": "X",
        "Tue": 7,
        "Wed": 6,
        "Thu": "M",
        "Fri": "M",
        "Sat": "M",
        "Pattern": "DDMMM"
      },
      {
        "id": 8,
        "Sun": "X",
        "Mon": "X",
        "Tue": 7,
        "Wed": 6,
        "Thu": "M",
        "Fri": "M",
        "Sat": "M",
        "Pattern": "DDMMM"
      },
      {
        "id": 9,
        "Sun": "X",
        "Mon": "X",
        "Tue": 7,
        "Wed": 6,
        "Thu": 6,
        "Fri": 6,
        "Sat": 6,
        "Pattern": "DDDDD"
      },
      {
        "id": 10,
        "Sun": 6,
        "Mon": "X",
        "Tue": "X",
        "Wed": 7,
        "Thu": 6,
        "Fri": 7,
        "Sat": 6,
        "Pattern": "DDDDD"
      },
      {
        "id": 11,
        "Sun": 6,
        "Mon": "X",
        "Tue": "X",
        "Wed": 7,
        "Thu": 6,
        "Fri": 7,
        "Sat": 7,
        "Pattern": "DDDDD"
      },
      {
        "id": 12,
        "Sun": 6,
        "Mon": "X",
        "Tue": "X",
        "Wed": 7,
        "Thu": 6,
        "Fri": 7,
        "Sat": 7,
        "Pattern": "DDDDD"
      },
      {
        "id": 13,
        "Sun": 3,
        "Mon": "X",
        "Tue": "X",
        "Wed": 3,
        "Thu": 1,
        "Fri": 3,
        "Sat": 3,
        "Pattern": "EEEEE"
      },
      {
        "id": 14,
        "Sun": 3,
        "Mon": "X",
        "Tue": "X",
        "Wed": 3,
        "Thu": 1,
        "Fri": 3,
        "Sat": 3,
        "Pattern": "EEEEE"
      },
      {
        "id": 15,
        "Sun": 6,
        "Mon": 6,
        "Tue": "X",
        "Wed": "X",
        "Thu": 3,
        "Fri": 1,
        "Sat": 3,
        "Pattern": "EEEDD"
      },
      {
        "id": 16,
        "Sun": 1,
        "Mon": 7,
        "Tue": "X",
        "Wed": "X",
        "Thu": 3,
        "Fri": 1,
        "Sat": 1,
        "Pattern": "EEEED"
      },
      {
        "id": 17,
        "Sun": 1,
        "Mon": 7,
        "Tue": "X",
        "Wed": "X",
        "Thu": 3,
        "Fri": 1,
        "Sat": 1,
        "Pattern": "EEEED"
      },
      {
        "id": 18,
        "Sun": 1,
        "Mon": 7,
        "Tue": "X",
        "Wed": "X",
        "Thu": 3,
        "Fri": 1,
        "Sat": 1,
        "Pattern": "EEEED"
      },
      {
        "id": 19,
        "Sun": 1,
        "Mon": 7,
        "Tue": "X",
        "Wed": "X",
        "Thu": 3,
        "Fri": 1,
        "Sat": 1,
        "Pattern": "EEEED"
      },
      {
        "id": 20,
        "Sun": "M",
        "Mon": "M",
        "Tue": "M",
        "Wed": "X",
        "Thu": "X",
        "Fri": 7,
        "Sat": 6,
        "Pattern": "DDMMM"
      },
      {
        "id": 21,
        "Sun": "M",
        "Mon": "M",
        "Tue": "M",
        "Wed": "X",
        "Thu": "X",
        "Fri": 7,
        "Sat": 6,
        "Pattern": "DDMMM"
      },
      {
        "id": 22,
        "Sun": "M",
        "Mon": "M",
        "Tue": "M",
        "Wed": "X",
        "Thu": "X",
        "Fri": 7,
        "Sat": 6,
        "Pattern": "DDMMM"
      },
      {
        "id": 23,
        "Sun": 3,
        "Mon": 1,
        "Tue": 1,
        "Wed": "X",
        "Thu": "X",
        "Fri": 3,
        "Sat": 1,
        "Pattern": "EEEEE"
      },
      {
        "id": 24,
        "Sun": 6,
        "Mon": 6,
        "Tue": 6,
        "Wed": "M",
        "Thu": "X",
        "Fri": "X",
        "Sat": 7,
        "Pattern": "DDDDM"
      },
      {
        "id": 25,
        "Sun": 7,
        "Mon": 6,
        "Tue": 6,
        "Wed": "M",
        "Thu": "X",
        "Fri": "X",
        "Sat": 7,
        "Pattern": "DDDDM"
      },
      {
        "id": 26,
        "Sun": 7,
        "Mon": 6,
        "Tue": 6,
        "Wed": "M",
        "Thu": "X",
        "Fri": "X",
        "Sat": 7,
        "Pattern": "DDDDM"
      },
      {
        "id": 27,
        "Sun": 3,
        "Mon": 1,
        "Tue": 1,
        "Wed": 3,
        "Thu": "X",
        "Fri": "X",
        "Sat": 3,
        "Pattern": "EEEEE"
      },
      {
        "id": 28,
        "Sun": 7,
        "Mon": 6,
        "Tue": 6,
        "Wed": 6,
        "Thu": 6,
        "Fri": "X",
        "Sat": "X",
        "Pattern": "DDDDD"
      },
      {
        "id": 29,
        "Sun": 7,
        "Mon": 7,
        "Tue": 6,
        "Wed": 7,
        "Thu": 7,
        "Fri": "X",
        "Sat": "X",
        "Pattern": "DDDDD"
      },
      {
        "id": 30,
        "Sun": 7,
        "Mon": 7,
        "Tue": 7,
        "Wed": 7,
        "Thu": 7,
        "Fri": "X",
        "Sat": "X",
        "Pattern": "DDDDD"
      }
    ],
    [],
    [],
    [],
    [],
    [],
    []
  ]
}