{
  "java_apis":{
    "url":"http://3.13.254.87:2020"
  },
  "python_apis":{
    "url":"http://3.13.254.87:5000"
  },
  "apis":{
    "dashboard":"sTlines-dashboard",
    "bidding_dahboard":"sTlines-dashboard/bidding",
    "enter_Work_load":"sTlines-dashboard/bidding/enter-work",
    "generated_schedule":"sTlines-dashboard/bidding/generated-schedules",
    "select_option_for_generate_schedule":"sTlines-dashboard/select",
    "manage_bid_schedule":"sTlines-dashboard/bidding/bid-list",
    "setUp_bid_parameters":"sTlines-dashboard/bidding/SBP",
    "setUp_bid_parameters_step_2":"sTlines-dashboard/bidding/SBP/lbp",
    "setUp_bid_parameters_step_2_a":"sTlines-dashboard/bidding/SBP/lbp2",
    "setUp_bid_parameters_step_3":"sTlines-dashboard/bidding/SBP/brs",
    "setUp_bid_parameters_summary":"sTlines-dashboard/bidding/SBP/bid-summary",
    "my_bidding":"sTlines-dashboard/bidding/my-bidding",
    "selet_shift_line_bidding":"sTlines-dashboard/bidding/my-bidding/SSB",
    "view_bid_schedule":"sTlines-dashboard/bidding/my-bidding/view-bid-schedule",
    "view_seniority_list":"sTlines-dashboard/bidding/my-bidding/view-seniority-list",
    "cal_test":"sTlines-dashboard/bidding/my-bidding/cal-test",
    "cal_test_one":"sTlines-dashboard/bidding/my-bidding/cal-test-one",
    "cal_test_two":"sTlines-dashboard/bidding/my-bidding/cal-test-two",
    "add_new_employee":"sTlines-dashboard/bidding/add-new-employee",

    "manage_shift_line_schedule":"sTlines-dashboard/manage-shift-line-schedules",
    "import_excel_sheet_schedule":"sTlines-dashboard/import-schedule",
    "enter_Work_load_api":"sTlines-dashboard/manage-shift-line-schedules/enter-work-load",

    "generated_schedule_api":"sTlines-dashboard/manage-shift-line-schedules/generated-schedules",
    "edit_schedule_api":"sTlines-dashboard/manage-shift-line-schedules/edit-schedule",
    "login_api":"login",
    "register_api":"register",
    "reset_password_api":"reset-password/:_email/:_code",
    "password_changed_message_api":"password-changed-message",
    "registration_verification_landing_page_api":"verifyaccount/:_email/:_code"

  }
}
