{"Required":{"SUN_DAY":10,"SUN_MID":3,"SUN_EVE":9,"MON_DAY":10,"MON_MID":3,"MON_EVE":9,"TUE_DAY":12,"TUE_MID":3,"TUE_EVE":9,"WED_DAY":9,"WED_MID":3,"WED_EVE":9,"THU_DAY":11,"THU_MID":3,"THU_EVE":9,"FRI_DAY":11,"FRI_MID":3,"FRI_EVE":9,"SAT_DAY":9,"SAT_MID":3,"SAT_EVE":9},"Scheduled":{"SUN_DAY":10,"SUN_MID":3,"SUN_EVE":8,"MON_DAY":11,"MON_MID":3,"MON_EVE":8,"TUE_DAY":10,"TUE_MID":3,"TUE_EVE":8,"WED_DAY":11,"WED_MID":3,"WED_EVE":8,"THU_DAY":12,"THU_MID":3,"THU_EVE":8,"FRI_DAY":12,"FRI_MID":3,"FRI_EVE":9,"SAT_DAY":10,"SAT_MID":3,"SAT_EVE":9}}