[

    {
      "id": 0,
      "Sun": "X",

      "Mon": "3",
      "Tue": "1",
      "Wed": "6",
      "Thu": "7",
      "Fri": "M",
      "Sat": "X"
    },
    {"id": 1,
      "Sun": "X",

      "Mon": "3",
      "Tue": "1",
      "Wed": "7",
      "Thu": "6",
      "Fri": "M",
      "Sat": "X"
    },
    {"id": 2,
      "Sun": "X",

      "Mon": "3",
      "Tue": "1",
      "Wed": "7",
      "Thu": "6",
      "Fri": "M",
      "Sat": "X"

    },
    {
      "id": 3,
      "Sun": "X",

      "Mon": "3",
      "Tue": "1",
      "Wed": "7",
      "Thu": "7",
      "Fri": "M",
      "Sat": "X"
    },
    {
      "id": 4,
      "Sun": "X",
      "Mon": "3",
      "Tue": "1",
      "Wed": "1",
      "Thu": "7",
      "Fri": "7",
      "Sat": "X"
    },
    {
      "id": 5,
      "Sun": "X",
      "Mon": "3",
      "Tue": "1",
      "Wed": "1",
      "Thu": "7",
      "Fri": "7",
      "Sat": "X"
    },
    {
      "id": 6,
      "Sun": "X",
      "Mon": "3",
      "Tue": "3",
      "Wed": "1",
      "Thu": "1",
      "Fri": "1",
      "Sat": "X"
    },
    {
      "id": 7,
      "Sun": "X",
      "Mon": "X",
      "Tue": "3",
      "Wed": "1",
      "Thu": "7",
      "Fri": "6",
      "Sat": "M"
    },
    {
      "id": 8,
      "Sun": "X",
      "Mon": "X",
      "Tue": "3",
      "Wed": "1",
      "Thu": "7",
      "Fri": "6",
      "Sat": "M"
    },
    {
      "id": 9,
      "Sun": "X",
      "Mon": "X",
      "Tue": "3",
      "Wed": "1",
      "Thu": "7",
      "Fri": "6",
      "Sat": "M"
    },
    {
      "id": 10,
      "Sun": "X",
      "Mon": "X",
      "Tue": "3",
      "Wed": "3",
      "Thu": "1",
      "Fri": "1",
      "Sat": "6"
    },
    {
      "id": 11,
      "Sun": "M",
      "Mon": "X",
      "Tue": "X",
      "Wed": "3",
      "Thu": "1",
      "Fri": "7",
      "Sat": "6"
    },
    {
      "id": 12,
      "Sun": "M",
      "Mon": "X",
      "Tue": "X",
      "Wed": "3",
      "Thu": "1",
      "Fri": "7",
      "Sat": "6"
    },
    {
      "id": 13,
      "Sun": "M",
      "Mon": "X",
      "Tue": "X",
      "Wed": "3",
      "Thu": "1",
      "Fri": "7",
      "Sat": "6"
    },
    {
      "id": 14,
      "Sun": "6",
      "Mon": "X",
      "Tue": "X",
      "Wed": "3",
      "Thu": "3",
      "Fri": "1",
      "Sat": "7"
    },
    {
      "id": 15,
      "Sun": "7",
      "Mon": "X",
      "Tue": "X",
      "Wed": "3",
      "Thu": "3",
      "Fri": "3",
      "Sat": "1"
    },
    {
      "id": 16,
      "Sun": "6",
      "Mon": "M",
      "Tue": "X",
      "Wed": "X",
      "Thu": "3",
      "Fri": "1",
      "Sat": "7"
    },
    {
      "id": 17,
      "Sun": "6",
      "Mon": "M",
      "Tue": "X",
      "Wed": "X",
      "Thu": "3",
      "Fri": "1",
      "Sat": "7"
    },
    {
      "id": 18,
      "Sun": "6",
      "Mon": "M",
      "Tue": "X",
      "Wed": "X",
      "Thu": "3",
      "Fri": "3",
      "Sat": "1"
    },
    {
      "id": 19,
      "Sun": "1",
      "Mon": "6",
      "Tue": "X",
      "Wed": "X",
      "Thu": "3",
      "Fri": "3",
      "Sat": "1"
    },
    {
      "id": 20,
      "Sun": "7",
      "Mon": "6",
      "Tue": "M",
      "Wed": "X",
      "Thu": "X",
      "Fri": "3",
      "Sat": "1"
    },
    {
      "id": 21,
      "Sun": "7",
      "Mon": "6",
      "Tue": "M",
      "Wed": "X",
      "Thu": "X",
      "Fri": "3",
      "Sat": "1"
    },
    {
      "id": 22,
      "Sun": "7",
      "Mon": "6",
      "Tue": "M",
      "Wed": "X",
      "Thu": "X",
      "Fri": "3",
      "Sat": "1"
    },
    {
      "id": 23,
      "Sun": "1",
      "Mon": "7",
      "Tue": "6",
      "Wed": "X",
      "Thu": "X",
      "Fri": "3",
      "Sat": "3"
    },
    {
      "id": 24,
      "Sun": "3",
      "Mon": "7",
      "Tue": "7",
      "Wed": "X",
      "Thu": "X",
      "Fri": "3",
      "Sat": "3"
    },
    {
      "id": 25,
      "Sun": "1",
      "Mon": "7",
      "Tue": "7",
      "Wed": "X",
      "Thu": "X",
      "Fri": "3",
      "Sat": "3"
    },
    {
      "id": 26,
      "Sun": "1",
      "Mon": "7",
      "Tue": "6",
      "Wed": "M",
      "Thu": "X",
      "Fri": "X",
      "Sat": "3"
    },
    {
      "id": 27,
      "Sun": "1",
      "Mon": "7",
      "Tue": "6",
      "Wed": "M",
      "Thu": "X",
      "Fri": "X",
      "Sat": "3"
    },
    {
      "id": 28,
      "Sun": "3",
      "Mon": "1",
      "Tue": "7",
      "Wed": "6",
      "Thu": "X",
      "Fri": "X",
      "Sat": "3"
    },
    {
      "id": 29,
      "Sun": "3",
      "Mon": "1",
      "Tue": "7",
      "Wed": "6",
      "Thu": "M",
      "Fri": "X",
      "Sat": "X"
    },
    {
      "id": 30,
      "Sun": "3",
      "Mon": "1",
      "Tue": "7",
      "Wed": "6",
      "Thu": "M",
      "Fri": "X",
      "Sat": "X"
    },
    {
      "id": 31,
      "Sun": "3",
      "Mon": "1",
      "Tue": "7",
      "Wed": "6",
      "Thu": "M",
      "Fri": "X",
      "Sat": "X"
    },
    {
      "id": 32,
      "Sun": "3",
      "Mon": "1",
      "Tue": "1",
      "Wed": "7",
      "Thu": "6",
      "Fri": "X",
      "Sat": "X"
    }

]
