[
  {
    "id": 0,
    "startTime": "2300",
    "Sun": "0",
    "Mon": "3",
    "Tue": "3",
    "Wed": "3",
    "Thu": "3",
    "Fri": "3",
    "Sat": "3",
    "shiftName":"M",
    "shiftCategory":1,
    "shift_created_by":"system",
    "sh_include_exclude":"I"
  },

  {
  "id": 1,
  "startTime": "0000",
  "Sun": "3",
  "Mon": "0",
  "Tue": "0",
  "Wed": "0",
  "Thu": "0",
  "Fri": "0",
  "Sat": "0",
  "shiftName":"N",
  "shiftCategory":1,
  "shift_created_by":"system",
  "sh_include_exclude":"I"
},
{
  "id": 2,
  "startTime": "0600",
  "Sun": "4",
  "Mon": "4",
  "Tue": "4",
  "Wed": "4",
  "Thu": "4",
  "Fri": "4",
  "Sat": "4",
  "shiftName":"6",
  "shiftCategory":3,
  "shift_created_by":"system",
  "sh_include_exclude":"I"

},
{
  "id": 3,
  "startTime": "0700",
  "Sun": "5",
  "Mon": "6",
  "Tue": "6",
  "Wed": "6",
  "Thu": "6",
  "Fri": "6",
  "Sat": "1",
  "shiftName":"7",
  "shiftCategory":3,
  "shift_created_by":"system",
  "sh_include_exclude":"I"
},
{
  "id": 4,
  "startTime": "0800",
  "Sun": "0",
  "Mon": "0",
  "Tue": "0",
  "Wed": "0",
  "Thu": "0",
  "Fri": "0",
  "Sat": "3",
  "shiftName":"8",
  "shiftCategory":3,
  "shift_created_by":"system",
  "sh_include_exclude":"I"
},
{
  "startTime": "1300",
  "id": 5,
  "Sun": "6",
  "Mon": "7",
  "Tue": "7",
  "Wed": "7",
  "Thu": "7",
  "Fri": "7",
  "Sat": "6",
  "shiftCategory":2,
  "shiftName":"1",
  "shift_created_by":"system",
  "sh_include_exclude":"I"
},
{
  "startTime": "1500",
  "id": 6,
  "Sun": "5",
  "Mon": "5",
  "Tue": "5",
  "Wed": "5",
  "Thu": "5",
  "Fri": "5",
  "Sat": "1",
  "shiftName":"3",
  "shiftCategory":2,
  "shift_created_by":"system",
  "sh_include_exclude":"I"
},
{
  "startTime": "1600",
  "id": 7,
  "Sun": "0",
  "Mon": "0",
  "Tue": "0",
  "Wed": "0",
  "Thu": "0",
  "Fri": "0",
  "Sat": "3",
  "shiftName":"4",
  "shiftCategory":2,
  "shift_created_by":"system",
  "sh_include_exclude":"I"
}

]
