{"scheduleData":[{"id":0,"Sun":"X","Mon":3,"Tue":1,"Wed":7,"Thu":6,"Fri":"M","Sat":"X","Pattern":"EEDDM"},{"id":1,"Sun":"X","Mon":3,"Tue":3,"Wed":1,"Thu":7,"Fri":6,"Sat":"X","Pattern":"EEEDD"},{"id":2,"Sun":"X","Mon":3,"Tue":1,"Wed":7,"Thu":6,"Fri":6,"Sat":"X","Pattern":"EEDDD"},{"id":3,"Sun":"X","Mon":3,"Tue":1,"Wed":7,"Thu":6,"Fri":6,"Sat":"X","Pattern":"EEDDD"},{"id":4,"Sun":"X","Mon":3,"Tue":3,"Wed":1,"Thu":7,"Fri":6,"Sat":"X","Pattern":"EEEDD"},{"id":5,"Sun":"X","Mon":3,"Tue":3,"Wed":3,"Thu":3,"Fri":3,"Sat":"X","Pattern":"EEEEE"},{"id":6,"Sun":"X","Mon":3,"Tue":1,"Wed":3,"Thu":3,"Fri":3,"Sat":"X","Pattern":"EEEEE"},{"id":7,"Sun":"X","Mon":3,"Tue":1,"Wed":1,"Thu":1,"Fri":1,"Sat":"X","Pattern":"EEEEE"},{"id":8,"Sun":"X","Mon":"X","Tue":3,"Wed":1,"Thu":7,"Fri":6,"Sat":"M","Pattern":"EEDDM"},{"id":9,"Sun":"X","Mon":"X","Tue":3,"Wed":1,"Thu":1,"Fri":7,"Sat":6,"Pattern":"EEEDD"},{"id":10,"Sun":"X","Mon":"X","Tue":3,"Wed":1,"Thu":7,"Fri":7,"Sat":6,"Pattern":"EEDDD"},{"id":11,"Sun":"M","Mon":"X","Tue":"X","Wed":3,"Thu":1,"Fri":7,"Sat":6,"Pattern":"EEDDM"},{"id":12,"Sun":6,"Mon":"X","Tue":"X","Wed":3,"Thu":1,"Fri":1,"Sat":7,"Pattern":"EEEDD"},{"id":13,"Sun":6,"Mon":"X","Tue":"X","Wed":3,"Thu":1,"Fri":7,"Sat":6,"Pattern":"EEDDD"},{"id":14,"Sun":6,"Mon":"X","Tue":"X","Wed":3,"Thu":1,"Fri":7,"Sat":7,"Pattern":"EEDDD"},{"id":15,"Sun":6,"Mon":"M","Tue":"X","Wed":"X","Thu":3,"Fri":1,"Sat":7,"Pattern":"EEDDM"},{"id":16,"Sun":7,"Mon":6,"Tue":"X","Wed":"X","Thu":3,"Fri":1,"Sat":7,"Pattern":"EEDDD"},{"id":17,"Sun":1,"Mon":7,"Tue":"X","Wed":"X","Thu":3,"Fri":1,"Sat":3,"Pattern":"EEEED"},{"id":18,"Sun":1,"Mon":7,"Tue":"X","Wed":"X","Thu":3,"Fri":1,"Sat":1,"Pattern":"EEEED"},{"id":19,"Sun":7,"Mon":6,"Tue":"M","Wed":"X","Thu":"X","Fri":3,"Sat":1,"Pattern":"EEDDM"},{"id":20,"Sun":1,"Mon":7,"Tue":6,"Wed":"X","Thu":"X","Fri":3,"Sat":1,"Pattern":"EEEDD"},{"id":21,"Sun":7,"Mon":6,"Tue":6,"Wed":"X","Thu":"X","Fri":3,"Sat":1,"Pattern":"EEDDD"},{"id":22,"Sun":7,"Mon":6,"Tue":6,"Wed":"X","Thu":"X","Fri":3,"Sat":1,"Pattern":"EEDDD"},{"id":23,"Sun":1,"Mon":7,"Tue":6,"Wed":"M","Thu":"X","Fri":"X","Sat":3,"Pattern":"EEDDM"},{"id":24,"Sun":3,"Mon":1,"Tue":7,"Wed":6,"Thu":"X","Fri":"X","Sat":3,"Pattern":"EEEDD"},{"id":25,"Sun":1,"Mon":7,"Tue":7,"Wed":6,"Thu":"X","Fri":"X","Sat":3,"Pattern":"EEDDD"},{"id":26,"Sun":1,"Mon":7,"Tue":7,"Wed":6,"Thu":"X","Fri":"X","Sat":3,"Pattern":"EEDDD"},{"id":27,"Sun":3,"Mon":1,"Tue":7,"Wed":6,"Thu":"M","Fri":"X","Sat":"X","Pattern":"EEDDM"},{"id":28,"Sun":3,"Mon":1,"Tue":1,"Wed":7,"Thu":6,"Fri":"X","Sat":"X","Pattern":"EEEDD"},{"id":29,"Sun":3,"Mon":1,"Tue":7,"Wed":7,"Thu":7,"Fri":"X","Sat":"X","Pattern":"EEDDD"}]}