{"scheduleData":[{"Mon":"3","Tue":"3","Wed":"3","Thu":"3","Fri":"3","Sat":"3","Sun":"3","id":0},{"Mon":"3","Tue":"X","Wed":"3","Thu":"3","Fri":"X","Sat":"3","Sun":"3","id":1},{"Mon":"3","Tue":"1","Wed":"7","Thu":"6","Fri":"M","Sat":"X","Sun":"X","id":2},{"Mon":"3","Tue":"3","Wed":"3","Thu":"3","Fri":"M","Sat":"M","Sun":"3","id":3},{"id":4,"Sun":"X","Mon":"3","Tue":"1","Wed":"1","Thu":"7","Fri":"7","Sat":"X"},{"id":5,"Sun":"X","Mon":"7","Tue":"1","Wed":"3","Thu":"7","Fri":"7","Sat":"X"},{"id":6,"Sun":"X","Mon":"X","Tue":"1","Wed":"1","Thu":"7","Fri":"7","Sat":"3"},{"Mon":"X","Tue":"3","Wed":"1","Thu":"7","Fri":"6","Sat":"M","Sun":"X","id":7},{"Mon":"X","Tue":"3","Wed":"1","Thu":"7","Fri":"6","Sat":"M","Sun":"X","id":8},{"Mon":"X","Tue":"3","Wed":"1","Thu":"7","Fri":"6","Sat":"M","Sun":"X","id":9},{"id":10,"Sun":"5","Mon":"5","Tue":"5","Wed":"5","Thu":"5","Fri":"5","Sat":"5"},{"id":11,"Sun":"M","Mon":"X","Tue":"X","Wed":"3","Thu":"1","Fri":"7","Sat":"6"},{"id":12,"Sun":"M","Mon":"X","Tue":"X","Wed":"3","Thu":"1","Fri":"7","Sat":"6"},{"id":13,"Sun":"M","Mon":"X","Tue":"X","Wed":"3","Thu":"1","Fri":"7","Sat":"6"},{"id":14,"Sun":"6","Mon":"X","Tue":"X","Wed":"3","Thu":"3","Fri":"1","Sat":"7"},{"id":15,"Sun":"7","Mon":"X","Tue":"X","Wed":"3","Thu":"3","Fri":"3","Sat":"1"}],"users":[{"name":"Mikhail","age":24}]}